[
    {
      "id": 1,
      "question": "I feel distressed at the thought of being too fat."
    },
    {
      "id": 2,
      "question": "I try not to eat when I'm hungry."
    },
    {
      "id": 3,
      "question": "Food is a constant concern for me."
    },
    {
      "id": 4,
      "question": "I have experienced binge eating episodes where I felt unable to stop eating."
    },
    {
      "id": 5,
      "question": "I cut my food into small pieces."
    },
    {
      "id": 6,
      "question": "I know the calorie count of the foods I eat."
    },
    {
      "id": 7,
      "question": "I try not to eat foods that are high in carbohydrates (bread, rice, potatoes, etc.)."
    },
    {
      "id": 8,
      "question": "I feel like others would like to see me eat more."
    },
    {
      "id": 9,
      "question": "I vomit after eating."
    },
    {
      "id": 10,
      "question": "I feel very guilty after eating."
    },
    {
      "id": 11,
      "question": "I am obsessed with the desire to be thinner."
    },
    {
      "id": 12,
      "question": "When I exercise, I mainly think about burning calories."
    },
    {
      "id": 13,
      "question": "Others think I am too thin."
    },
    {
      "id": 14,
      "question": "I am worried about having fat areas on my body and/or cellulite."
    },
    {
      "id": 15,
      "question": "I take longer to eat than others."
    },
    {
      "id": 16,
      "question": "I try not to eat foods that contain sugar."
    },
    {
      "id": 17,
      "question": "I eat diet foods."
    },
    {
      "id": 18,
      "question": "I feel like my life revolves around food."
    },
    {
      "id": 19,
      "question": "I have good self-control when it comes to food."
    },
    {
      "id": 20,
      "question": "I feel that others pressure me to eat more."
    },
    {
      "id": 21,
      "question": "I spend too much time thinking about food."
    },
    {
      "id": 22,
      "question": "I don't feel well after eating sweets."
    },
    {
      "id": 23,
      "question": "I am on a diet."
    },
    {
      "id": 24,
      "question": "I like having an empty stomach."
    },
    {
      "id": 25,
      "question": "I like trying new, tasty, and high-calorie dishes."
    },
    {
      "id": 26,
      "question": "After meals, I feel the urge to vomit."
    }
  ]
  